actual_treatment_time,predicted_treatment_time,actual_outcome,predicted_outcome
12.94148666439293,31.556778,Recovered,Recovered
22.573723506390827,67.45503,Complication,Recovered
50.47035527034169,96.71791,Recovered,Recovered
117.1307627864344,35.069187,Recovered,Recovered
28.87923205894748,71.50338,Recovered,Recovered
37.21357721042155,29.765327,Recovered,Recovered
32.62223953808502,45.882275,Recovered,Recovered
98.05224345802633,40.60762,Complication,Recovered
21.80208256877717,28.296806,Recovered,Recovered
75.30882503274097,31.320555,Complication,Recovered
12.401514545325572,36.77822,Recovered,Recovered
57.44072529102833,71.22311,Recovered,Recovered
17.475421108490487,32.985806,Re-admitted,Recovered
16.57589286544723,20.847242,Re-admitted,Recovered
4.130736409277628,37.567097,Recovered,Recovered
76.68029412435519,25.281176,Recovered,Recovered
21.627469601847856,39.136234,Re-admitted,Recovered
18.661155628029924,30.757442,Recovered,Recovered
47.14344146132398,45.26995,Recovered,Recovered
33.66028720690038,38.903038,Re-admitted,Recovered
79.08732175101295,50.46699,Recovered,Recovered
2.59319454018231,49.16156,Re-admitted,Recovered
1.593605250865212,48.482277,Recovered,Recovered
5.0582695625692455,33.251232,Recovered,Recovered
38.42918923564476,60.06102,Recovered,Recovered
30.662708174836965,45.675465,Recovered,Recovered
57.66968491004718,60.607258,Complication,Recovered
90.45589153508348,62.077225,Recovered,Recovered
1.1130411373757445,61.667213,Recovered,Recovered
61.49901478763679,39.53169,Recovered,Recovered
30.170309035796947,58.572407,Recovered,Recovered
9.853077525007595,49.46463,Recovered,Recovered
14.296248878839664,32.937798,Recovered,Recovered
23.24665624215501,46.993824,Recovered,Recovered
33.90439082208101,60.573174,Recovered,Recovered
0.8946493494589076,110.4985,Recovered,Recovered
0.2860549589856002,55.077644,Recovered,Recovered
1.7436623533973783,36.288,Recovered,Recovered
57.89606279569723,46.594067,Recovered,Recovered
131.92643285702883,25.309076,Recovered,Recovered
2.1015318560304728,36.83946,Recovered,Recovered
56.8432973561973,48.197598,Recovered,Recovered
24.47167804293104,74.927185,Recovered,Recovered
72.27091676175328,46.29174,Recovered,Recovered
25.95991967583488,53.597736,Re-admitted,Recovered
42.80764554548442,38.907223,Recovered,Recovered
81.6420487004724,27.105036,Complication,Recovered
15.06312431892541,28.43092,Re-admitted,Recovered
37.75285649849724,52.21144,Recovered,Recovered
1.9854390403124984,31.16114,Recovered,Recovered
26.072899674965875,58.989956,Complication,Recovered
7.884677464063525,26.785208,Deceased,Recovered
25.034368283633704,35.48631,Recovered,Recovered
84.26608993983868,99.89198,Re-admitted,Recovered
61.35623687002031,52.2762,Recovered,Recovered
105.63840579109372,48.86959,Recovered,Recovered
33.64973917973062,85.03837,Recovered,Recovered
43.93879183103691,55.211243,Recovered,Recovered
61.74892520347546,14.296464,Recovered,Recovered
125.63816553994975,19.853008,Recovered,Recovered
26.788511778382777,34.913975,Recovered,Recovered
252.01103698720732,70.67206,Recovered,Recovered
23.95847802979107,28.054892,Recovered,Recovered
29.33751483331786,86.71569,Recovered,Recovered
191.80402083199905,28.30741,Recovered,Recovered
107.1224864581536,32.903275,Complication,Recovered
37.582192757579406,32.616592,Complication,Recovered
10.458064163645329,42.519188,Recovered,Recovered
47.86257174955129,69.09747,Recovered,Recovered
53.20509330511298,94.83251,Recovered,Recovered
74.22799475892936,33.405956,Recovered,Recovered
49.770377528739736,42.21347,Recovered,Recovered
30.320526752705568,60.215122,Recovered,Recovered
21.133087983070286,63.543686,Recovered,Recovered
78.16277439269074,65.71659,Recovered,Recovered
34.014438529650306,59.933495,Recovered,Recovered
38.51885123230072,68.99974,Recovered,Recovered
203.34731061306368,21.731173,Recovered,Recovered
49.08559507810607,55.553112,Re-admitted,Recovered
76.81600784545995,28.99836,Recovered,Recovered
94.61471949199732,51.977432,Recovered,Recovered
15.220565501865384,108.36631,Complication,Recovered
33.390298467784,26.343716,Recovered,Recovered
70.11594093486566,35.854916,Recovered,Recovered
95.00433311620024,50.255596,Recovered,Recovered
5.064947372689364,33.759125,Complication,Recovered
111.64489606794936,70.74217,Recovered,Recovered
34.93291728152282,31.739748,Recovered,Recovered
20.56736566708731,54.690327,Recovered,Recovered
63.19911837719257,51.23958,Recovered,Recovered
34.53349013194473,45.9538,Complication,Recovered
52.89051437213057,54.141724,Complication,Recovered
27.692707765756364,83.58856,Recovered,Recovered
70.9409625333073,47.652107,Complication,Recovered
12.36083587267768,28.154102,Re-admitted,Recovered
8.531900263647334,62.14187,Recovered,Recovered
31.28085109368824,81.019615,Recovered,Recovered
34.844534917295725,46.958668,Recovered,Recovered
8.136739644601885,50.885315,Recovered,Recovered
4.127930207329251,46.255653,Recovered,Recovered
68.07276486135595,51.462322,Recovered,Recovered
140.67216119356797,37.022335,Recovered,Recovered
3.4579959254327584,63.361843,Recovered,Recovered
53.77732653454246,47.3654,Complication,Recovered
66.40607157189491,50.262566,Re-admitted,Recovered
9.283789911061628,47.647354,Re-admitted,Recovered
48.9684374209898,12.84114,Recovered,Recovered
25.131378432968084,40.873005,Recovered,Recovered
33.85106692684228,50.721603,Recovered,Recovered
10.361886974406856,65.26622,Recovered,Recovered
56.51344403052683,34.1878,Recovered,Recovered
104.71799405269084,45.50271,Recovered,Recovered
21.71810999914599,20.28419,Complication,Recovered
120.16211849600607,29.424875,Deceased,Recovered
105.40068625165236,27.44902,Complication,Recovered
44.32454441817569,46.704643,Complication,Recovered
4.82778542441596,44.38184,Recovered,Recovered
4.34313839223147,17.463146,Recovered,Recovered
12.265997998584156,55.49122,Recovered,Recovered
35.13977926225818,74.02162,Recovered,Recovered
16.132761997667835,23.72989,Recovered,Recovered
100.80077251770636,36.281498,Recovered,Recovered
1.62004011266212,65.59052,Recovered,Recovered
9.918502558781269,55.06271,Re-admitted,Recovered
86.72202597802911,47.805763,Deceased,Recovered
17.359911045329515,47.441418,Recovered,Recovered
40.40425234156161,33.000904,Complication,Recovered
223.3673308374361,55.332508,Re-admitted,Recovered
129.23545838587972,59.52396,Re-admitted,Recovered
14.999605973323312,18.397821,Recovered,Recovered
1.3377590294197113,36.908195,Recovered,Recovered
12.635148512144465,22.648352,Recovered,Recovered
135.32322879964514,25.057262,Recovered,Recovered
116.2501089151713,29.987772,Recovered,Recovered
1.4145554624868275,37.433098,Recovered,Recovered
82.08117579063311,64.92528,Complication,Recovered
55.37939714954944,69.35901,Deceased,Recovered
35.915679131113805,35.170784,Recovered,Recovered
30.31940914758713,48.799103,Complication,Recovered
59.20398429653611,52.83412,Recovered,Recovered
2.08316052949755,23.577965,Recovered,Recovered
28.227685709186066,54.9169,Recovered,Recovered
77.29101162762203,39.30428,Recovered,Recovered
0.8195660190707882,53.270924,Recovered,Recovered
45.82295284813425,54.642235,Recovered,Recovered
13.042041774472988,55.95619,Recovered,Recovered
39.86942918268807,25.214533,Recovered,Recovered
150.17854787032522,35.15626,Recovered,Recovered
18.447983157456253,40.078617,Complication,Recovered
42.555412819991,54.823544,Recovered,Recovered
6.009433176440134,74.19669,Re-admitted,Recovered
17.292405274843514,61.533787,Recovered,Recovered
30.039036069584597,42.883152,Re-admitted,Recovered
27.121005796878173,59.95267,Recovered,Recovered
147.35451206050698,30.867188,Recovered,Recovered
13.87784673975658,31.618254,Re-admitted,Recovered
21.760545894391417,55.177006,Complication,Recovered
5.246668291577031,81.38406,Complication,Recovered
217.3830512660654,40.970478,Complication,Recovered
55.665620640509175,68.476295,Recovered,Recovered
116.19098789281148,39.204815,Re-admitted,Recovered
50.92077751287182,73.028145,Recovered,Recovered
26.453274173960008,100.19538,Recovered,Recovered
34.324364300836386,46.76456,Re-admitted,Recovered
89.42297095802547,82.46469,Recovered,Recovered
24.61691467777081,58.913376,Recovered,Recovered
27.370849112959743,80.45447,Recovered,Recovered
7.665954179516138,50.730705,Recovered,Recovered
62.825606830794015,56.74517,Recovered,Recovered
215.43900224437212,73.5166,Complication,Recovered
0.3724944352554508,35.16694,Recovered,Recovered
34.38988051433768,46.67789,Deceased,Recovered
45.80536457230936,65.88608,Complication,Recovered
76.6722797310149,56.71539,Recovered,Recovered
71.20398441312491,48.937557,Recovered,Recovered
7.084432147114631,41.880447,Recovered,Recovered
21.672468057136285,37.933884,Recovered,Recovered
16.43528219501002,31.27108,Recovered,Recovered
3.825440890531068,44.156254,Recovered,Recovered
35.886544701032655,55.067986,Recovered,Recovered
141.47423663997617,52.43189,Recovered,Recovered
69.22792480300761,32.59285,Recovered,Recovered
23.893953932964894,45.772305,Complication,Recovered
13.15681381386268,66.164536,Recovered,Recovered
0.6477825520108976,69.5026,Recovered,Recovered
8.987476284340662,56.120228,Re-admitted,Recovered
4.6779794281521205,51.91352,Re-admitted,Recovered
3.841403186924735,42.19335,Recovered,Recovered
9.70953078379745,69.25814,Recovered,Recovered
57.177970035158175,61.543797,Deceased,Recovered
81.01437520995498,68.29926,Recovered,Recovered
94.94497412832337,39.121094,Recovered,Recovered
13.362664594049306,45.693897,Recovered,Recovered
3.070978379826853,35.44141,Recovered,Recovered
13.434955156068394,45.487465,Recovered,Recovered
305.2340282858461,90.11578,Recovered,Recovered
26.139253805985675,47.2831,Recovered,Recovered
27.296596585770946,53.175095,Complication,Recovered
58.56235109728051,81.28781,Deceased,Recovered
103.91118252869308,102.670975,Recovered,Recovered
